Machine_ID,Machine_Type,Installation_Year,Operational_Hours,Temperature_C,Vibration_mms,Sound_dB,Oil_Level_pct,Coolant_Level_pct,Power_Consumption_kW,Last_Maintenance_Days_Ago,Maintenance_History_Count,Failure_History_Count,AI_Supervision,Error_Codes_Last_30_Days,Remaining_Useful_Life_days,Failure_Within_7_Days,Laser_Intensity,Hydraulic_Pressure_bar,Coolant_Flow_L_min,Heat_Index,AI_Override_Events,timestamp
MC_000000,Mixer,2027.0,81769.0,73.43,12.78,83.72,36.76,68.74,84.95,153.0,4.0,5.0,True,3.0,162.0,False,,,,,2.0,2035-01-07 04:27:28.999118091
MC_000001,Industrial_Chiller,2032.0,74966.0,58.32,14.99,77.04,100.0,62.13,154.61,136.0,5.0,2.0,True,4.0,147.0,False,,,40.92,,2.0,2035-01-07 16:12:32.048666139
MC_000002,Pick_and_Place,2003.0,94006.0,49.63,23.78,69.08,42.96,35.96,51.9,258.0,1.0,1.0,True,6.0,0.0,True,,,,,2.0,2035-01-14 03:52:18.380990561
MC_000003,Vision_System,2007.0,76637.0,63.73,12.38,85.58,94.9,48.94,75.61,43.0,4.0,1.0,False,4.0,161.0,False,,,,,0.0,2035-01-05 23:21:24.619796826
MC_000004,Shuttle_System,2016.0,20870.0,42.77,4.42,96.72,47.56,53.78,224.93,346.0,4.0,2.0,False,1.0,765.0,False,,,,,0.0,2035-01-01 22:23:54.338852817
MC_000005,Labeler,2001.0,69956.0,53.58,14.31,54.79,39.97,85.49,105.33,257.0,6.0,1.0,False,0.0,163.0,False,,,,,0.0,2035-01-10 20:13:46.828818127
MC_000006,Automated_Screwdriver,2025.0,2578.0,62.44,8.42,97.15,80.57,19.88,207.15,317.0,5.0,2.0,False,1.0,908.0,False,,,,,0.0,2035-01-11 16:09:07.568724468
MC_000007,Automated_Screwdriver,2005.0,39895.0,27.28,16.09,38.66,87.98,38.66,122.53,177.0,7.0,0.0,False,6.0,467.0,False,,,,,0.0,2035-01-03 23:41:30.228778276
MC_000008,Shrink_Wrapper,2020.0,19992.0,69.31,9.69,82.15,62.04,41.63,145.71,338.0,1.0,3.0,True,4.0,794.0,False,,,,,0.0,2035-01-09 09:01:50.340769984
,,,,,,,,,,,,,,,,,,,,,,2035-01-05 09:03:05.385627777
MC_000010,Laser_Cutter,2020.0,72283.0,32.98,12.23,86.55,74.77,83.13,17.82,251.0,7.0,3.0,False,3.0,149.0,False,71.55,,,,0.0,2035-01-01 20:01:23.578212036
MC_000011,CMM,2000.0,89347.0,61.94,13.94,79.59,66.79,26.64,-2.52,285.0,7.0,3.0,False,3.0,22.0,False,,,,,0.0,2035-01-12 08:40:33.125053867
MC_000012,CNC_Lathe,2014.0,82712.0,44.55,3.88,85.06,78.13,76.59,165.29,108.0,2.0,1.0,False,1.0,232.0,False,,,39.16,,0.0,2035-01-14 18:47:39.545789200
MC_000013,Shrink_Wrapper,2016.0,22062.0,78.99,-1.39,92.5,81.43,55.51,154.03,181.0,4.0,2.0,False,3.0,800.0,False,,,,,0.0,2035-01-01 06:00:44.296136674
MC_000014,Dryer,2003.0,79413.0,31.97,9.52,80.43,61.93,49.13,278.77,54.0,7.0,3.0,False,5.0,145.0,False,,,,,0.0,2035-01-10 08:03:01.293188167
MC_000015,CNC_Lathe,2003.0,69447.0,69.86,8.2,70.11,36.23,91.96,60.51,129.0,6.0,2.0,True,0.0,269.0,False,,,33.33,,2.0,2035-01-02 00:09:01.576895452
MC_000016,Vision_System,2035.0,36816.0,72.37,16.06,91.93,56.57,84.42,134.12,233.0,4.0,0.0,False,0.0,611.0,False,,,,,0.0,2035-01-01 02:18:04.367494330
MC_000017,Valve_Controller,2005.0,29288.0,61.1,9.74,75.78,82.27,65.16,94.16,257.0,7.0,1.0,False,1.0,747.0,False,,,,,0.0,2035-01-09 08:33:11.680085234
MC_000018,Furnace,2017.0,54071.0,53.1,3.76,79.14,79.12,45.76,60.37,78.0,7.0,2.0,True,0.0,433.0,False,,,,528.08,4.0,2035-01-10 14:50:34.866007829
MC_000019,CMM,2022.0,77603.0,67.85,16.67,66.13,100.0,51.04,150.24,36.0,2.0,2.0,False,2.0,163.0,False,,,,,0.0,2035-01-07 04:28:48.790356140
MC_000020,Carton_Former,2019.0,38737.0,54.11,9.27,83.7,74.28,79.63,93.94,201.0,4.0,2.0,False,2.0,575.0,False,,,,,0.0,2035-01-11 00:01:49.795486853
MC_000021,Hydraulic_Press,2029.0,62626.0,105.02,20.48,56.93,66.46,86.63,157.37,41.0,4.0,2.0,True,6.0,203.0,False,,134.77,,,2.0,2035-01-12 00:10:51.032702768
MC_000022,Compressor,2008.0,28973.0,63.04,12.97,84.09,57.1,86.37,90.68,300.0,4.0,4.0,True,6.0,767.0,False,,,,,2.0,2035-01-05 02:08:27.823919877
MC_000023,AGV,2011.0,10184.0,37.5,8.83,62.21,88.33,55.73,187.6,119.0,5.0,1.0,False,2.0,916.0,False,,,,,0.0,2035-01-12 14:59:32.549180365
MC_000024,Industrial_Chiller,2001.0,66489.0,47.38,2.93,73.73,93.23,59.83,224.75,110.0,4.0,4.0,False,5.0,345.0,False,,,40.05,,0.0,2035-01-04 15:10:03.848363079
MC_000025,Laser_Cutter,2034.0,41467.0,41.08,10.97,50.6,18.64,70.71,172.79,134.0,3.0,4.0,False,6.0,665.0,False,95.0,,,,0.0,2035-01-09 14:49:57.030409490
MC_000026,Robot_Arm,2008.0,34027.0,37.77,12.4,87.97,70.59,75.99,79.9,55.0,9.0,6.0,True,1.0,674.0,False,,,,,3.0,2035-01-14 07:04:00.260272350
MC_000027,Vision_System,2004.0,2703.0,79.18,7.64,70.47,61.97,50.6,181.48,203.0,2.0,0.0,False,6.0,942.0,False,,,,,0.0,2035-01-02 17:10:20.079844920
MC_000028,Conveyor_Belt,2010.0,4706.0,42.42,11.14,68.84,51.89,72.02,76.86,324.0,4.0,1.0,True,4.0,825.0,False,,,,,2.0,2035-01-01 11:01:03.133072644
MC_000029,Forklift_Electric,2023.0,86343.0,99.75,7.25,74.2,54.16,68.32,172.7,125.0,5.0,3.0,False,1.0,41.0,False,,,,,0.0,2035-01-04 12:00:50.053931157
,,,,,,,,,,,,,,,,,,,,,,2035-01-14 04:19:10.099880787
MC_000031,Carton_Former,2028.0,74861.0,56.24,13.86,68.41,53.24,100.0,143.68,259.0,4.0,1.0,False,3.0,195.0,False,,,,,0.0,2035-01-02 13:43:06.805692537
MC_000032,Boiler,2037.0,17654.0,41.96,7.13,60.77,75.94,73.87,216.91,64.0,8.0,4.0,False,3.0,769.0,False,,,,574.06,0.0,2035-01-02 06:38:23.052710352
MC_000033,Conveyor_Belt,2017.0,93925.0,44.8,13.28,62.43,97.5,90.02,255.8,94.0,5.0,0.0,False,1.0,98.0,False,,,,,0.0,2035-01-06 04:28:22.702710567
MC_000034,Vacuum_Packer,2040.0,93503.0,75.7,8.27,78.53,85.55,46.94,203.63,300.0,2.0,1.0,True,6.0,67.0,False,,,,,2.0,2035-01-02 21:23:13.789064742
MC_000035,CNC_Lathe,2029.0,30429.0,70.25,5.92,81.01,69.25,46.21,182.82,55.0,5.0,2.0,True,3.0,670.0,False,,,44.12,,1.0,2035-01-10 23:39:22.519345936
MC_000036,XRay_Inspector,2025.0,60589.0,94.61,8.55,86.0,49.49,99.53,107.54,350.0,8.0,1.0,True,6.0,243.0,False,,,,,1.0,2035-01-10 22:23:37.913947159
MC_000037,Compressor,2012.0,60656.0,66.89,17.62,98.14,47.3,31.82,103.92,168.0,5.0,0.0,False,5.0,253.0,False,,,,,0.0,2035-01-13 20:10:52.135980686
MC_000038,Robot_Arm,2001.0,81235.0,60.81,6.97,77.36,45.69,52.89,1.27,222.0,3.0,1.0,False,6.0,221.0,False,,,,,0.0,2035-01-09 21:38:03.761448472
MC_000039,Pick_and_Place,2001.0,24559.0,73.13,14.18,86.25,45.09,68.49,99.47,308.0,6.0,0.0,False,5.0,625.0,False,,,,,0.0,2035-01-10 16:40:13.304581435
MC_000040,Boiler,2008.0,86755.0,76.27,-3.09,82.11,81.5,64.49,184.97,57.0,3.0,3.0,True,4.0,95.0,False,,,,472.61,1.0,2035-01-01 08:26:36.042753083
MC_000041,Crane,2008.0,11205.0,73.39,5.1,68.17,51.64,100.0,165.76,153.0,4.0,0.0,False,2.0,794.0,False,,,,,0.0,2035-01-13 10:55:29.906676348
MC_000042,Press_Brake,2018.0,61337.0,58.5,10.68,71.45,89.04,32.31,177.78,14.0,6.0,2.0,True,1.0,292.0,False,,,,,3.0,2035-01-11 12:38:44.689496137
MC_000043,CNC_Lathe,2017.0,2027.0,68.01,13.44,67.52,62.64,74.9,275.82,4.0,6.0,1.0,True,3.0,935.0,False,,,40.52,,1.0,2035-01-03 08:38:52.722232105
MC_000044,3D_Printer,100960.0,2501524.5,3127.37,509.3200000000001,3786.135,3425.1925,3190.2300000000005,7279.6075,8322.5,246.75,105.5,False,155.5,22778.75,True,3949.142857142857,6072.1500000000015,2094.375,24484.57692307692,35.25,2035-01-02 00:58:24.721993075
,,,,,,,,,,,,,,,,,,,,,,2035-01-12 21:15:25.198291913
MC_000046,Mixer,2011.0,71182.0,45.51,8.27,77.87,61.88,37.33,192.68,33.0,6.0,2.0,True,2.0,248.0,False,,,,,2.0,2035-01-10 18:04:29.570912060
MC_000047,Forklift_Electric,2014.0,94669.0,51.64,3.63,83.98,62.8,65.27,219.59,239.0,7.0,2.0,True,5.0,0.0,True,,,,,1.0,2035-01-06 19:42:48.091752095
MC_000048,Vacuum_Packer,2024.0,66439.0,50.39,8.87,79.12,58.74,31.47,209.02,76.0,9.0,0.0,False,9.0,281.0,False,,,,,0.0,2035-01-05 08:16:01.171820850
MC_000049,Palletizer,2015.0,62501.0,71.48,3.42,79.75,63.57,80.95,159.88,138.0,3.0,4.0,False,3.0,356.0,False,,,,,0.0,2035-01-05 06:49:10.428791340
MC_000050,Boiler,2039.0,28955.0,64.7,16.66,71.86,55.53,90.52,87.65,33.0,8.0,3.0,False,2.0,585.0,False,,,,437.91,0.0,2035-01-01 11:37:11.325599795
MC_000051,Grinder,100960.0,2501524.5,3127.37,509.3200000000001,3786.135,3425.1925,3190.2300000000005,7279.6075,8322.5,246.75,105.5,False,155.5,22778.75,False,3949.142857142857,6072.1500000000015,2094.375,24484.57692307692,35.25,2035-01-14 09:05:06.399547496
MC_000052,Industrial_Chiller,2010.0,80396.0,64.79,15.83,76.29,68.79,100.0,327.08,72.0,6.0,4.0,True,4.0,174.0,False,,,48.0,,3.0,2035-01-13 21:41:17.947616823
MC_000053,Pick_and_Place,2022.0,80352.0,63.9,1.19,97.07,35.63,53.48,73.99,33.0,6.0,2.0,False,5.0,148.0,False,,,,,0.0,2035-01-08 17:07:41.836719554
MC_000054,Boiler,2017.0,10463.0,79.02,1.18,83.98,63.24,75.77,178.58,97.0,8.0,0.0,True,4.0,803.0,False,,,,471.31,4.0,2035-01-10 21:28:49.874543730
MC_000055,Labeler,2021.0,8563.0,91.65,6.56,79.81,74.31,45.59,71.65,194.0,6.0,4.0,False,3.0,866.0,False,,,,,0.0,2035-01-14 15:37:00.198180790
MC_000056,Vision_System,2025.0,45628.0,57.16,10.85,75.92,60.57,0.0,138.0,112.0,1.0,1.0,False,7.0,456.0,False,,,,,0.0,2035-01-06 22:43:28.219783289
MC_000057,AGV,2036.0,17153.0,48.6,22.83,75.45,100.0,29.29,335.07,272.0,2.0,0.0,True,3.0,798.0,False,,,,,0.0,2035-01-06 03:30:41.137136955
MC_000058,Forklift_Electric,2036.0,11380.0,74.34,7.9,73.9,98.46,26.19,319.49,290.0,3.0,3.0,True,4.0,804.0,False,,,,,0.0,2035-01-09 19:11:50.740851759
MC_000059,Shrink_Wrapper,2024.0,92109.0,66.85,12.14,86.11,77.64,60.52,60.28,246.0,4.0,0.0,False,2.0,0.0,True,,,,,0.0,2035-01-14 07:06:35.292830824
,,,,,,,,,,,,,,,,,,,,,,2035-01-12 23:50:59.293306098
MC_000061,Carton_Former,2016.0,64137.0,35.73,4.39,80.68,72.27,100.0,29.56,172.0,6.0,5.0,False,3.0,361.0,False,,,,,0.0,2035-01-04 06:27:08.442672679
MC_000062,Mixer,2017.0,73605.0,56.26,6.17,74.28,82.15,47.15,160.34,71.0,8.0,2.0,True,4.0,170.0,False,,,,,2.0,2035-01-05 08:16:50.760727070
MC_000063,Industrial_Chiller,2031.0,92275.0,66.86,15.7,77.08,43.54,68.88,153.04,215.0,5.0,2.0,False,3.0,13.0,False,,,56.27,,0.0,2035-01-13 10:34:57.787844855
MC_000064,CNC_Mill,2007.0,75590.0,65.0,5.36,65.52,54.13,0.0,91.12,80.0,3.0,0.0,False,6.0,164.0,False,,,47.26,,0.0,2035-01-08 14:52:19.213224452
MC_000065,Carton_Former,2021.0,47226.0,61.98,10.84,109.06,73.65,66.89,174.49,19.0,6.0,2.0,True,0.0,465.0,False,,,,,2.0,2035-01-13 18:11:00.865488862
MC_000066,Robot_Arm,2002.0,50095.0,82.84,11.1,83.13,66.26,27.32,130.56,237.0,8.0,1.0,False,3.0,465.0,False,,,,,0.0,2035-01-06 07:43:30.371940904
MC_000067,Conveyor_Belt,2004.0,5100.0,60.06,11.41,83.29,93.7,29.66,109.33,41.0,4.0,5.0,True,1.0,926.0,False,,,,,6.0,2035-01-07 04:09:09.365080871
MC_000068,Shrink_Wrapper,2030.0,91166.0,75.84,11.71,81.96,68.66,34.65,242.08,57.0,10.0,4.0,True,1.0,0.0,True,,,,,2.0,2035-01-14 02:49:12.643144819
MC_000069,CNC_Mill,2028.0,54119.0,81.82,4.07,68.65,26.3,80.02,186.18,25.0,5.0,2.0,True,2.0,464.0,False,,,42.93,,4.0,2035-01-01 19:52:48.218794236
MC_000070,Pick_and_Place,2008.0,3187.0,57.5,4.14,73.59,50.61,22.44,141.44,120.0,5.0,0.0,False,2.0,985.0,False,,,,,0.0,2035-01-11 22:56:49.696526512
MC_000071,Shrink_Wrapper,2036.0,45680.0,67.14,12.41,70.81,100.0,64.56,124.48,51.0,4.0,1.0,False,1.0,470.0,False,,,,,0.0,2035-01-06 23:59:28.408909006
MC_000072,Automated_Screwdriver,2022.0,11074.0,57.61,14.29,79.01,56.03,86.03,115.81,345.0,5.0,3.0,True,7.0,933.0,False,,,,,1.0,2035-01-14 17:44:40.889048402
MC_000073,Crane,2020.0,49941.0,51.98,8.77,72.42,77.51,45.68,239.61,142.0,6.0,4.0,False,3.0,507.0,False,,,,,0.0,2035-01-06 03:35:31.480388414
MC_000074,Pick_and_Place,2032.0,84310.0,81.52,13.81,64.9,66.8,34.9,338.51,28.0,2.0,8.0,False,5.0,150.0,False,,,,,0.0,2035-01-09 09:42:24.364266173
MC_000075,Valve_Controller,2020.0,2218.0,81.68,14.96,71.85,43.88,94.08,118.18,300.0,5.0,3.0,False,2.0,845.0,False,,,,,0.0,2035-01-02 05:48:03.685000501
MC_000076,Injection_Molder,2032.0,56236.0,56.66,10.8,73.45,55.47,57.42,187.6,237.0,10.0,3.0,True,3.0,403.0,False,,140.84,,,1.0,2035-01-11 20:11:58.214762071
MC_000077,Compressor,2000.0,13014.0,32.23,1.82,77.95,73.23,43.04,297.57,162.0,8.0,2.0,False,5.0,817.0,False,,,,,0.0,2035-01-04 08:34:00.318713405
MC_000078,Robot_Arm,2015.0,69229.0,35.8,7.52,77.11,59.76,91.74,29.64,10.0,5.0,1.0,False,5.0,340.0,False,,,,,0.0,2035-01-06 07:26:46.382957928
MC_000079,Conveyor_Belt,2014.0,69972.0,51.87,4.3,61.41,90.96,56.64,214.03,344.0,6.0,0.0,True,3.0,191.0,False,,,,,2.0,2035-01-12 03:04:20.874858349
MC_000080,Pick_and_Place,2036.0,24678.0,50.29,9.46,86.33,40.0,62.75,230.44,3.0,2.0,2.0,True,7.0,606.0,False,,,,,5.0,2035-01-11 22:28:27.860866872
MC_000081,Furnace,2013.0,28530.0,62.61,9.72,79.1,96.12,62.91,31.29,44.0,4.0,6.0,False,8.0,678.0,False,,,,484.69,0.0,2035-01-10 19:24:24.231637256
MC_000082,Valve_Controller,2032.0,26596.0,43.2,18.14,86.95,100.0,90.43,-48.94,93.0,4.0,3.0,False,3.0,679.0,False,,,,,0.0,2035-01-02 15:36:20.647017141
MC_000083,Labeler,2011.0,89944.0,84.19,19.66,77.08,100.0,90.47,118.89,212.0,9.0,4.0,False,3.0,71.0,False,,,,,0.0,2035-01-13 18:21:46.464385006
,,,,,,,,,,,,,,,,,,,,,,2035-01-10 00:16:00.624697253
MC_000085,CMM,2037.0,74511.0,68.42,19.18,80.36,52.94,100.0,54.89,174.0,3.0,1.0,False,1.0,155.0,False,,,,,0.0,2035-01-10 06:01:07.373943702
MC_000086,Hydraulic_Press,2004.0,17439.0,67.48,7.7,67.74,77.59,55.3,65.32,106.0,7.0,3.0,False,2.0,763.0,False,,102.05,,,0.0,2035-01-10 05:22:07.673711041
MC_000087,CNC_Mill,2033.0,21987.0,72.36,5.85,79.91,88.58,65.17,208.4,8.0,7.0,3.0,False,4.0,708.0,False,,,39.39,,0.0,2035-01-02 21:39:24.668323701
MC_000088,Boiler,2023.0,65017.0,55.58,-0.72,61.54,74.49,66.34,218.74,204.0,3.0,1.0,False,3.0,309.0,False,,,,512.55,0.0,2035-01-13 13:22:50.825022511
MC_000089,Laser_Cutter,2008.0,63294.0,53.44,19.9,76.37,77.23,74.73,200.81,249.0,7.0,1.0,True,3.0,303.0,False,79.08,,,,2.0,2035-01-09 23:07:50.434183710
MC_000090,CNC_Mill,2032.0,88397.0,45.98,11.53,65.42,100.0,18.06,204.5,309.0,6.0,1.0,False,2.0,0.0,True,,,38.08,,0.0,2035-01-14 00:43:47.313830628
MC_000091,Injection_Molder,2002.0,29637.0,56.92,4.26,73.57,89.46,54.78,133.55,242.0,3.0,1.0,False,2.0,596.0,False,,112.11,,,0.0,2035-01-12 19:57:31.852678081
MC_000092,Vacuum_Packer,2023.0,66284.0,73.77,11.58,82.02,53.61,32.9,206.83,107.0,6.0,1.0,False,2.0,291.0,False,,,,,0.0,2035-01-07 18:49:53.734653999
MC_000093,Boiler,2008.0,69560.0,55.02,18.04,71.24,87.16,75.46,239.85,6.0,7.0,1.0,True,4.0,336.0,False,,,,460.7,1.0,2035-01-13 19:04:08.215405844
MC_000094,Hydraulic_Press,2017.0,54862.0,82.81,14.82,76.9,92.55,51.64,134.63,113.0,6.0,4.0,False,2.0,304.0,False,,134.53,,,0.0,2035-01-01 13:33:15.224709437
MC_000095,Conveyor_Belt,2020.0,94994.0,57.03,10.56,78.5,93.99,72.26,212.98,69.0,3.0,6.0,False,2.0,94.0,False,,,,,0.0,2035-01-01 02:43:32.798456822
MC_000096,Industrial_Chiller,2017.0,34791.0,48.85,10.93,70.85,62.02,40.64,-13.65,149.0,6.0,4.0,True,2.0,631.0,False,,,39.13,,0.0,2035-01-14 15:17:15.561320737
MC_000097,Industrial_Chiller,2034.0,13065.0,52.7,11.52,65.78,85.28,59.07,216.21,78.0,3.0,1.0,True,6.0,776.0,False,,,44.67,,0.0,2035-01-04 04:55:09.562949255
MC_000098,Vacuum_Packer,2004.0,99764.0,59.14,12.3,83.4,61.53,65.53,146.11,191.0,5.0,1.0,False,2.0,0.0,True,,,,,0.0,2035-01-02 16:00:20.675829582
MC_000099,Heat_Exchanger,2012.0,57892.0,49.58,5.36,90.36,81.83,96.0,117.46,174.0,4.0,2.0,True,1.0,394.0,False,,,,455.35,1.0,2035-01-04 13:41:31.291507612
MC_000100,Pump,2011.0,13080.0,62.84,5.85,78.98,81.8,42.06,179.02,209.0,2.0,2.0,True,1.0,799.0,False,,,,,1.0,2035-01-13 04:59:28.062396642
MC_000101,Pump,2014.0,40815.0,63.01,11.25,67.87,47.23,76.06,147.84,68.0,6.0,4.0,False,1.0,553.0,False,,,,,0.0,2035-01-02 10:51:23.230750415
MC_000102,Press_Brake,2023.0,4218.0,59.93,5.98,73.4,59.93,100.0,163.18,249.0,6.0,4.0,False,4.0,921.0,False,,,,,0.0,2035-01-03 11:34:49.598746481
MC_000103,Dryer,2018.0,72043.0,73.22,15.79,71.86,84.82,78.65,21.78,105.0,0.0,0.0,False,3.0,160.0,False,,,,,0.0,2035-01-08 12:46:03.188121875
MC_000104,Labeler,2000.0,25652.0,84.36,11.5,63.0,61.47,47.17,191.46,12.0,3.0,3.0,False,2.0,717.0,False,,,,,0.0,2035-01-03 04:31:40.982998245
MC_000105,Industrial_Chiller,2034.0,31015.0,70.74,5.08,75.78,41.03,24.5,166.88,114.0,5.0,2.0,False,4.0,645.0,False,,,35.59,,0.0,2035-01-12 05:43:20.231731742
MC_000106,Mixer,2028.0,41697.0,40.44,14.45,74.14,52.79,48.84,249.37,240.0,3.0,0.0,False,4.0,604.0,False,,,,,0.0,2035-01-10 05:17:26.835099436
MC_000107,Heat_Exchanger,2013.0,12335.0,74.66,8.73,84.05,65.67,82.62,107.26,71.0,3.0,5.0,False,2.0,808.0,False,,,,476.5,0.0,2035-01-11 19:29:06.951147867
MC_000108,Pump,2018.0,58981.0,54.22,16.49,78.74,80.72,74.36,50.75,299.0,4.0,4.0,False,1.0,328.0,False,,,,,0.0,2035-01-13 08:11:06.919423368
MC_000109,Robot_Arm,2039.0,46822.0,52.21,9.64,78.07,77.91,52.52,159.0,44.0,3.0,1.0,False,2.0,416.0,False,,,,,0.0,2035-01-13 22:23:18.431984924
MC_000110,CMM,2034.0,2275.0,65.69,10.13,76.9,67.14,70.4,224.51,71.0,4.0,0.0,True,2.0,883.0,False,,,,,1.0,2035-01-12 06:05:59.033419939
MC_000111,Compressor,2037.0,8056.0,49.25,14.02,79.2,46.87,43.8,117.63,320.0,5.0,1.0,False,3.0,859.0,False,,,,,0.0,2035-01-08 23:28:29.862504202
MC_000112,CNC_Lathe,2020.0,7194.0,67.87,10.55,76.05,55.79,35.21,153.58,70.0,3.0,1.0,False,3.0,799.0,False,,,45.77,,0.0,2035-01-05 17:20:15.114009947
MC_000113,3D_Printer,2037.0,62990.0,61.05,7.53,75.81,77.67,20.23,110.31,338.0,4.0,3.0,False,3.0,330.0,False,,,,,0.0,2035-01-06 01:42:06.678437879
MC_000114,Compressor,2019.0,64660.0,63.8,5.96,79.39,70.74,78.57,189.08,30.0,7.0,3.0,False,5.0,312.0,False,,,,,0.0,2035-01-04 20:59:01.838941263
MC_000115,Compressor,2032.0,99843.0,64.21,7.42,64.68,99.36,100.0,232.06,168.0,2.0,1.0,False,3.0,0.0,True,,,,,0.0,2035-01-11 06:46:01.709125785
MC_000116,XRay_Inspector,2021.0,87452.0,71.33,5.8,80.64,34.38,61.58,140.53,346.0,4.0,0.0,True,2.0,68.0,False,,,,,0.0,2035-01-08 17:27:44.870587448
MC_000117,Dryer,2017.0,36471.0,63.28,2.47,72.15,100.0,37.31,164.45,180.0,8.0,1.0,True,3.0,585.0,False,,,,,2.0,2035-01-03 13:17:36.958383571
MC_000118,Automated_Screwdriver,2021.0,54619.0,74.26,4.54,81.6,54.32,82.7,117.66,323.0,4.0,0.0,False,5.0,367.0,False,,,,,0.0,2035-01-12 11:48:26.618988039
MC_000119,Compressor,2021.0,7146.0,87.38,4.59,63.18,64.94,65.7,185.51,248.0,4.0,3.0,False,5.0,958.0,False,,,,,0.0,2035-01-07 03:54:37.673938752
MC_000120,Carton_Former,2035.0,35655.0,87.56,6.26,73.32,30.35,86.97,85.12,287.0,5.0,4.0,False,4.0,603.0,False,,,,,0.0,2035-01-07 16:13:44.542988876
MC_000121,Valve_Controller,2027.0,51505.0,64.11,12.39,83.59,76.67,92.84,92.08,176.0,4.0,1.0,False,3.0,490.0,False,,,,,0.0,2035-01-14 16:32:46.944830464
MC_000122,CNC_Mill,2033.0,14742.0,45.99,4.81,69.59,89.91,100.0,45.12,353.0,8.0,1.0,True,5.0,888.0,False,,,34.32,,3.0,2035-01-11 13:35:54.253032299
MC_000123,Hydraulic_Press,2025.0,66813.0,78.15,10.14,61.94,52.84,32.74,95.44,27.0,1.0,2.0,False,6.0,226.0,False,,123.02,,,0.0,2035-01-05 17:50:19.352135774
MC_000124,Heat_Exchanger,2038.0,22535.0,79.82,11.52,64.78,80.81,87.47,180.11,41.0,3.0,2.0,True,5.0,759.0,False,,,,398.31,0.0,2035-01-08 17:03:56.471204610
MC_000125,Laser_Cutter,2039.0,32202.0,45.51,5.33,72.7,75.72,78.43,48.73,53.0,4.0,1.0,True,4.0,662.0,False,71.78,,,,1.0,2035-01-01 04:29:04.265640995
MC_000126,3D_Printer,2011.0,39612.0,53.15,2.42,77.85,70.65,100.0,271.97,79.0,4.0,2.0,True,1.0,606.0,False,,,,,3.0,2035-01-09 17:10:29.683849849
MC_000127,Pick_and_Place,2038.0,97936.0,53.13,11.88,71.17,76.66,54.26,169.98,178.0,7.0,2.0,False,1.0,28.0,False,,,,,0.0,2035-01-03 19:43:54.269543077
MC_000128,Hydraulic_Press,2040.0,12626.0,75.26,11.91,75.62,61.49,32.83,82.5,286.0,3.0,2.0,False,2.0,886.0,False,,116.9,,,0.0,2035-01-02 02:15:52.106644084
MC_000129,Conveyor_Belt,2021.0,30921.0,73.0,6.09,82.77,93.3,32.48,136.16,168.0,4.0,1.0,False,2.0,584.0,False,,,,,0.0,2035-01-04 20:54:39.836581871
MC_000130,Valve_Controller,2036.0,8374.0,58.75,10.1,57.68,93.57,67.71,96.25,309.0,9.0,0.0,True,3.0,850.0,False,,,,,0.0,2035-01-03 22:42:49.524660429
MC_000131,Shrink_Wrapper,2014.0,22173.0,61.19,19.72,75.87,60.24,82.71,163.44,284.0,5.0,1.0,True,2.0,642.0,False,,,,,4.0,2035-01-07 22:12:24.658590461
MC_000132,Industrial_Chiller,2038.0,31198.0,74.72,10.27,81.14,68.45,75.09,33.93,206.0,7.0,2.0,False,4.0,594.0,False,,,46.68,,0.0,2035-01-01 12:53:35.794501174
MC_000133,Pump,2025.0,24870.0,45.24,4.0,72.32,37.31,95.94,176.13,69.0,2.0,1.0,False,4.0,741.0,False,,,,,0.0,2035-01-05 03:26:23.579076672
MC_000134,Pump,2010.0,86600.0,59.36,20.3,62.14,95.53,47.55,89.51,333.0,4.0,2.0,True,3.0,95.0,False,,,,,3.0,2035-01-11 01:25:10.683389830
MC_000135,Shrink_Wrapper,2002.0,52628.0,115.14,17.25,90.32,65.43,84.81,117.61,79.0,5.0,0.0,True,3.0,364.0,False,,,,,5.0,2035-01-03 00:23:56.994283297
MC_000136,Furnace,2002.0,96054.0,68.79,10.28,79.59,41.53,61.11,110.33,0.0,7.0,1.0,True,3.0,0.0,True,,,,607.89,2.0,2035-01-08 15:30:02.801274451
MC_000137,CNC_Lathe,2008.0,72305.0,56.31,6.95,86.19,92.41,66.59,224.23,52.0,5.0,5.0,True,6.0,252.0,False,,,38.71,,3.0,2035-01-04 11:04:21.868607503
MC_000138,Laser_Cutter,2023.0,59242.0,46.15,19.44,67.95,83.34,38.67,101.3,219.0,4.0,2.0,False,7.0,338.0,False,82.02,,,,0.0,2035-01-07 17:07:05.380061975
MC_000139,Crane,2019.0,30718.0,80.52,3.38,82.49,56.79,46.58,167.08,211.0,8.0,0.0,True,1.0,715.0,False,,,,,3.0,2035-01-13 12:48:01.859821284
MC_000140,CNC_Lathe,2004.0,91028.0,53.54,7.45,80.84,92.93,99.31,152.54,11.0,8.0,3.0,False,3.0,60.0,False,,,41.21,,0.0,2035-01-07 06:46:30.608085568
MC_000141,CNC_Lathe,2018.0,18377.0,76.1,10.2,82.97,19.09,71.32,150.4,309.0,3.0,0.0,True,3.0,820.0,False,,,40.88,,2.0,2035-01-11 07:42:26.662864899
MC_000142,Compressor,2034.0,40324.0,55.48,13.84,78.07,67.3,65.85,53.7,63.0,8.0,1.0,False,7.0,569.0,False,,,,,0.0,2035-01-12 23:40:45.909403964
MC_000143,Labeler,2027.0,90900.0,88.69,12.59,83.08,66.05,46.59,91.05,44.0,4.0,5.0,False,2.0,32.0,False,,,,,0.0,2035-01-12 21:20:22.577380207
MC_000144,Pump,2003.0,52455.0,76.15,7.14,78.02,47.98,64.65,151.96,151.0,2.0,2.0,True,4.0,366.0,False,,,,,2.0,2035-01-04 06:11:37.622277991
MC_000145,Valve_Controller,2012.0,19281.0,55.36,6.31,78.66,49.08,69.68,218.79,252.0,4.0,5.0,False,4.0,766.0,False,,,,,0.0,2035-01-08 22:02:33.685397960
MC_000146,CNC_Mill,2021.0,2026.0,34.79,12.61,68.05,59.62,56.64,118.78,201.0,4.0,3.0,True,1.0,915.0,False,,,36.87,,2.0,2035-01-11 21:21:33.227931198
MC_000147,Shuttle_System,2022.0,99031.0,76.93,7.43,79.45,45.41,68.87,193.45,154.0,5.0,1.0,False,0.0,0.0,True,,,,,0.0,2035-01-02 21:02:47.666783525
MC_000148,CNC_Lathe,2010.0,34600.0,36.12,3.37,75.52,52.52,67.8,132.04,196.0,6.0,2.0,False,5.0,579.0,False,,,36.91,,0.0,2035-01-12 12:00:17.095041745
MC_000149,Vacuum_Packer,2037.0,60356.0,66.15,8.97,91.9,69.53,59.96,87.05,201.0,5.0,3.0,True,2.0,398.0,False,,,,,0.0,2035-01-11 00:46:43.731692998
MC_000150,Pump,2006.0,94923.0,69.68,0.29,65.4,76.35,62.58,278.36,159.0,4.0,1.0,False,2.0,72.0,False,,,,,0.0,2035-01-03 01:35:33.222764589
MC_000151,3D_Printer,2011.0,30273.0,55.48,6.35,99.14,46.21,83.54,63.27,273.0,8.0,1.0,False,2.0,657.0,False,,,,,0.0,2035-01-10 22:46:22.447314901
MC_000152,Pump,2012.0,21345.0,77.02,10.12,90.12,67.35,55.99,218.79,52.0,6.0,3.0,False,2.0,740.0,False,,,,,0.0,2035-01-11 08:10:41.891305251
MC_000153,Press_Brake,2012.0,50733.0,69.91,13.9,60.76,79.68,31.31,123.86,169.0,9.0,2.0,False,4.0,398.0,False,,,,,0.0,2035-01-12 19:19:58.142362052
MC_000154,Automated_Screwdriver,2001.0,54045.0,31.74,17.74,76.0,66.29,54.65,187.28,351.0,3.0,1.0,False,2.0,457.0,False,,,,,0.0,2035-01-11 12:29:52.421588005
,,,,,,,,,,,,,,,,,,,,,,2035-01-03 08:26:41.265055784
MC_000156,Shrink_Wrapper,2000.0,17963.0,58.32,13.39,58.33,78.45,85.25,181.21,265.0,5.0,2.0,True,2.0,800.0,False,,,,,2.0,2035-01-06 19:23:46.585297580
MC_000157,Injection_Molder,2040.0,25262.0,59.16,8.04,82.83,55.53,36.41,233.23,310.0,3.0,0.0,False,1.0,716.0,False,,120.16,,,0.0,2035-01-14 22:21:16.629148167
MC_000158,3D_Printer,2003.0,70153.0,48.0,10.64,67.34,43.52,65.48,90.38,305.0,3.0,1.0,False,5.0,337.0,False,,,,,0.0,2035-01-07 04:59:48.287776708
MC_000159,CMM,2014.0,3606.0,46.03,15.5,69.49,70.58,59.62,178.5,268.0,4.0,0.0,False,1.0,972.0,False,,,,,0.0,2035-01-11 21:05:27.926529840
MC_000160,Automated_Screwdriver,2011.0,76535.0,64.78,11.95,74.81,90.19,55.05,172.8,215.0,3.0,2.0,True,3.0,160.0,False,,,,,2.0,2035-01-02 10:35:29.669317487
MC_000161,AGV,2038.0,57686.0,76.54,4.21,81.22,87.59,100.0,91.93,167.0,10.0,4.0,False,3.0,409.0,False,,,,,0.0,2035-01-03 07:30:03.339526353
MC_000162,Valve_Controller,2017.0,21288.0,54.88,9.09,69.31,87.36,74.91,89.08,217.0,5.0,1.0,True,2.0,820.0,False,,,,,2.0,2035-01-09 21:42:54.437938888
MC_000163,Conveyor_Belt,2034.0,75075.0,58.07,11.67,80.29,93.59,52.42,114.39,159.0,11.0,5.0,True,2.0,232.0,False,,,,,5.0,2035-01-12 00:01:37.769195446
MC_000164,3D_Printer,2001.0,21131.0,36.14,5.4,78.86,51.03,38.68,180.81,310.0,5.0,1.0,True,1.0,806.0,False,,,,,3.0,2035-01-10 15:59:28.982722861
MC_000165,AGV,2003.0,12070.0,58.63,-2.12,62.37,79.06,55.75,270.02,281.0,9.0,2.0,False,5.0,772.0,False,,,,,0.0,2035-01-07 12:03:27.401226766
MC_000166,Mixer,2014.0,13176.0,72.89,15.21,86.33,60.0,63.51,-27.63,197.0,2.0,4.0,True,2.0,853.0,False,,,,,1.0,2035-01-12 16:53:56.565155011
MC_000167,Laser_Cutter,2007.0,65638.0,72.89,7.89,59.88,72.74,81.18,106.32,126.0,5.0,1.0,False,3.0,313.0,False,86.62,,,,0.0,2035-01-03 01:50:13.466542466
MC_000168,XRay_Inspector,2005.0,45541.0,66.17,1.84,82.57,54.72,78.62,41.77,275.0,4.0,3.0,False,2.0,537.0,False,,,,,0.0,2035-01-09 18:37:48.355104991
MC_000169,Shuttle_System,2037.0,64323.0,60.38,4.89,71.77,90.61,37.2,-21.17,149.0,2.0,1.0,False,4.0,406.0,False,,,,,0.0,2035-01-02 04:27:17.521304421
MC_000170,Vacuum_Packer,2032.0,96216.0,78.29,11.64,68.18,59.74,97.67,165.13,297.0,5.0,4.0,True,2.0,48.0,False,,,,,0.0,2035-01-10 03:36:23.774895663
MC_000171,Laser_Cutter,2017.0,48582.0,45.27,13.91,74.82,84.67,40.65,138.89,147.0,7.0,2.0,False,0.0,568.0,False,66.83,,,,0.0,2035-01-08 05:10:12.158362228
,,,,,,,,,,,,,,,,,,,,,,2035-01-03 10:54:23.825511081
MC_000173,XRay_Inspector,2026.0,89139.0,69.02,15.91,86.26,61.43,64.77,317.67,30.0,8.0,1.0,True,3.0,30.0,False,,,,,1.0,2035-01-01 19:51:28.787468555
MC_000174,Pump,2034.0,59675.0,49.85,7.78,68.5,84.61,35.77,198.92,272.0,5.0,4.0,True,7.0,355.0,False,,,,,0.0,2035-01-04 12:53:34.339342775
MC_000175,Robot_Arm,2006.0,47576.0,66.31,14.23,72.24,61.87,58.4,62.11,62.0,4.0,3.0,False,4.0,598.0,False,,,,,0.0,2035-01-05 14:17:15.178699614
MC_000176,Valve_Controller,2013.0,22333.0,83.55,11.24,81.32,65.37,77.09,225.47,47.0,6.0,1.0,False,1.0,677.0,False,,,,,0.0,2035-01-03 03:49:02.825055824
MC_000177,Forklift_Electric,2032.0,7461.0,70.78,21.22,72.39,76.88,89.99,95.71,84.0,5.0,1.0,False,6.0,822.0,False,,,,,0.0,2035-01-06 17:04:24.472268813
MC_000178,CNC_Mill,2026.0,98100.0,96.68,15.51,68.13,75.0,68.76,217.34,104.0,6.0,3.0,False,3.0,0.0,True,,,37.68,,0.0,2035-01-03 22:53:15.457126748
MC_000179,Automated_Screwdriver,2006.0,98204.0,44.02,17.04,81.63,73.14,85.25,100.18,68.0,5.0,4.0,False,1.0,0.0,True,,,,,0.0,2035-01-11 05:50:18.617612315
MC_000180,Compressor,2032.0,76698.0,39.44,5.53,49.25,100.0,47.23,110.12,277.0,5.0,3.0,False,3.0,142.0,False,,,,,0.0,2035-01-08 18:28:32.525365501
MC_000181,Carton_Former,2021.0,52067.0,82.87,16.87,73.41,54.19,100.0,218.11,303.0,5.0,2.0,True,2.0,375.0,False,,,,,4.0,2035-01-10 14:17:14.570962984
,,,,,,,,,,,,,,,,,,,,,,2035-01-05 04:18:59.820674112
MC_000183,Grinder,2019.0,12985.0,59.93,7.24,68.64,71.31,71.9,39.98,23.0,4.0,2.0,True,4.0,745.0,False,,,,,1.0,2035-01-11 03:04:30.388835455
MC_000184,Dryer,2001.0,92132.0,83.6,1.65,64.83,75.39,61.37,141.54,316.0,6.0,1.0,False,4.0,51.0,False,,,,,0.0,2035-01-13 12:13:50.006965388
MC_000185,Robot_Arm,2016.0,59845.0,71.16,8.35,83.33,55.66,83.63,181.2,193.0,4.0,6.0,True,4.0,412.0,False,,,,,3.0,2035-01-12 04:41:59.291132111
MC_000186,AGV,2007.0,37310.0,52.2,13.0,85.53,76.84,59.8,169.88,230.0,5.0,3.0,False,3.0,523.0,False,,,,,0.0,2035-01-11 07:02:24.753634627
MC_000187,Vacuum_Packer,2008.0,35980.0,32.66,8.64,76.08,68.11,77.9,179.61,3.0,1.0,2.0,False,0.0,586.0,False,,,,,0.0,2035-01-05 19:22:49.576771258
MC_000188,CNC_Lathe,100960.0,2501524.5,3127.37,509.3200000000001,3786.135,3425.1925,3190.2300000000005,7279.6075,8322.5,246.75,105.5,False,155.5,22778.75,False,3949.142857142857,6072.1500000000015,2094.375,24484.57692307692,35.25,2035-01-13 17:01:33.580201231
MC_000189,CNC_Mill,2020.0,62085.0,71.86,16.73,91.1,93.1,78.63,88.13,214.0,3.0,1.0,False,5.0,296.0,False,,,54.18,,0.0,2035-01-10 23:55:58.140362631
MC_000190,Furnace,2004.0,31326.0,47.02,8.52,74.81,52.64,100.0,145.98,203.0,3.0,4.0,False,2.0,690.0,False,,,,486.03,0.0,2035-01-11 05:15:30.633402481
MC_000191,Injection_Molder,2004.0,82320.0,72.02,8.35,86.94,56.85,65.78,207.01,268.0,8.0,1.0,False,2.0,149.0,False,,113.15,,,0.0,2035-01-01 07:58:18.528598107
MC_000192,Pump,2024.0,83811.0,75.95,5.28,67.99,35.85,93.32,42.18,94.0,10.0,2.0,False,3.0,99.0,False,,,,,0.0,2035-01-06 11:31:38.764069899
MC_000193,Conveyor_Belt,2019.0,91482.0,73.31,14.12,81.48,98.7,61.36,45.17,362.0,3.0,4.0,True,2.0,12.0,False,,,,,2.0,2035-01-14 22:34:21.852374082
MC_000194,Shuttle_System,2028.0,36350.0,87.82,10.38,58.03,52.65,100.0,281.76,157.0,3.0,2.0,False,3.0,612.0,False,,,,,0.0,2035-01-02 06:17:12.027638318
MC_000195,AGV,2036.0,17940.0,32.49,14.42,75.08,73.69,76.57,86.31,67.0,5.0,4.0,False,3.0,782.0,False,,,,,0.0,2035-01-11 21:51:18.591738007
,,,,,,,,,,,,,,,,,,,,,,2035-01-10 06:33:58.232083553
MC_000197,XRay_Inspector,2024.0,15229.0,72.49,7.98,68.44,64.25,85.37,74.19,171.0,4.0,1.0,False,3.0,793.0,False,,,,,0.0,2035-01-05 04:15:38.372098667
MC_000198,Shrink_Wrapper,2035.0,54855.0,74.32,15.92,68.66,66.12,60.19,242.89,108.0,6.0,2.0,False,3.0,405.0,False,,,,,0.0,2035-01-04 19:23:22.984893277
,,,,,,,,,,,,,,,,,,,,,,2035-01-13 03:41:52.333004187
MC_000095,Conveyor_Belt,2020.0,94994.0,57.03,10.56,78.5,93.99,72.26,212.98,69.0,3.0,6.0,False,2.0,94.0,False,,,,,0.0,2035-01-02 23:26:59.247950001
MC_000015,CNC_Lathe,2003.0,69447.0,69.86,8.2,70.11,36.23,91.96,60.51,129.0,6.0,2.0,True,0.0,269.0,False,,,33.33,,2.0,2035-01-11 22:00:49.548883570
MC_000030,Press_Brake,2021.0,12966.0,52.6,11.59,86.59,76.4,53.2,203.13,42.0,5.0,2.0,False,4.0,840.0,False,,,,,0.0,2035-01-02 19:54:44.813166973
MC_000158,3D_Printer,2003.0,70153.0,48.0,10.64,67.34,43.52,65.48,90.38,305.0,3.0,1.0,False,5.0,337.0,False,,,,,0.0,2035-01-08 07:10:30.615712354
MC_000128,Hydraulic_Press,2040.0,12626.0,75.26,11.91,75.62,61.49,32.83,82.5,286.0,3.0,2.0,False,2.0,886.0,False,,116.9,,,0.0,2035-01-07 02:28:56.696495118
MC_000115,Compressor,2032.0,99843.0,64.21,7.42,64.68,99.36,100.0,232.06,168.0,2.0,1.0,False,3.0,0.0,True,,,,,0.0,2035-01-11 05:23:22.274188313
MC_000069,CNC_Mill,2028.0,54119.0,81.82,4.07,68.65,26.3,80.02,186.18,25.0,5.0,2.0,True,2.0,464.0,False,,,42.93,,4.0,2035-01-14 06:09:46.225999862
MC_000170,Vacuum_Packer,2032.0,96216.0,78.29,11.64,68.18,59.74,97.67,165.13,297.0,5.0,4.0,True,2.0,48.0,False,,,,,0.0,2035-01-11 16:41:51.618441975
MC_000174,Pump,2034.0,59675.0,49.85,7.78,68.5,84.61,35.77,198.92,272.0,5.0,4.0,True,7.0,355.0,False,,,,,0.0,2035-01-03 20:17:18.945415133
MC_000045,Press_Brake,2011.0,37476.0,61.46,21.07,84.3,73.51,37.72,217.43,229.0,5.0,2.0,True,6.0,481.0,False,,,,,3.0,2035-01-07 01:21:20.850432737
